,DRIVER_ID,AGE,NUMBER_OF_TRIPS,SAFETY_SCORE,REWARD_POINTS,TOTAL_MILES_DONE,MILES_IN_URBAN,MILES_IN_NIGHT,MILES DONE IN RURAL,ACCELERATION,BRAKING,CORNERING,SPEEDING,SEATBELT,DISTRACTION,NUMBER_OF_TICKETS_RECEIVED
0,450,21,79,54,938,459469,701631,336422,1344228,13,38,43,12,46,6,23
1,451,40,636,47,3300,212742,329690,943555,1806785,74,32,58,5,32,65,3
2,452,39,754,69,3169,974057,521220,266956,1793845,60,71,2,31,39,2,12
3,453,45,783,75,326,816346,73223,507786,1328211,62,25,9,44,1,33,17
4,454,50,825,93,5500,499234,828546,480737,1794257,31,22,27,20,30,22,5
5,455,33,737,58,4573,748694,160985,521646,1409786,16,43,13,23,48,60,1
6,456,24,837,95,2762,669703,243050,445434,1194342,61,39,10,39,3,73,7
7,457,31,178,76,6495,711069,447246,378619,1345609,26,28,7,51,44,41,21
8,458,25,749,65,8963,417510,608265,658732,1590473,61,43,56,70,51,33,5
9,459,46,220,46,7658,612604,341911,437451,1353889,25,65,52,40,27,12,11
10,460,20,447,46,2908,282956,333384,397111,1031131,49,66,19,12,45,29,23
11,461,52,205,68,6952,607178,714049,269141,1661494,27,23,32,52,35,40,14
12,462,50,475,63,7919,61114,946299,567659,1677489,32,52,21,65,20,47,18
13,463,29,144,85,7206,759514,268290,51290,853432,22,69,45,67,25,64,10
14,464,39,546,55,5177,749640,653900,807887,2370635,71,12,14,57,63,24,21
15,465,41,611,46,6500,52898,465057,647446,1009526,36,4,64,14,53,6,24
16,466,54,587,87,7134,309833,804053,531066,1567774,40,25,25,8,48,24,23
17,467,50,748,49,9718,189805,594710,261702,901038,20,23,13,8,19,19,18
18,468,54,306,97,1459,871396,900233,352321,2125253,3,26,8,62,52,59,21
19,469,42,80,63,6888,463011,942270,493972,2146303,7,27,58,8,2,70,12
20,470,34,475,47,5687,866517,195756,428057,1726536,51,16,32,30,11,62,14
21,471,28,191,67,1753,854897,232988,419399,1745820,66,23,24,9,43,16,4
22,472,34,303,51,8027,173716,591857,711685,1317425,16,67,29,17,47,27,17
23,473,42,495,63,9202,651852,627406,807085,2239493,47,37,1,6,70,4,3
24,474,41,401,65,844,318751,181277,764888,1280650,8,27,73,6,48,68,5
25,475,43,50,60,9024,489660,411895,488622,1702490,63,41,67,40,49,1,15
26,476,23,636,45,307,655483,614282,157672,1242007,52,67,32,73,0,63,2
27,477,27,819,91,9847,967023,501424,611968,1974303,7,30,12,6,7,19,15
28,478,45,323,61,7330,624868,585742,647593,1597798,21,42,18,52,59,36,8
29,479,23,599,74,4989,888055,558236,444328,1836156,12,5,10,28,61,48,1
30,480,20,201,62,2913,373246,489228,519982,1426479,48,37,59,36,44,20,21
31,481,40,59,72,9639,530301,205685,533236,1290237,10,45,7,7,69,57,15
32,482,44,637,71,3975,131966,757868,921758,2072730,31,66,73,14,30,7,2
33,483,40,614,98,3360,662670,786160,641719,2224208,35,50,41,65,64,7,8
34,484,21,157,59,4668,863729,116756,230152,996334,56,62,54,58,20,0,18
35,485,30,524,77,2752,797066,806347,714452,2317605,16,46,24,24,9,46,6
36,486,48,78,70,2233,544588,431720,543722,1358007,51,4,6,58,62,58,7
37,487,28,694,56,67,319888,726712,379129,1243309,67,52,20,53,48,71,19
38,488,33,625,68,778,346644,558862,518744,1426478,5,65,72,5,55,61,24
39,489,40,743,73,977,701324,260304,594002,1668806,63,72,33,22,49,34,5
40,490,31,65,78,2710,288380,644910,28882,839971,11,12,14,30,35,32,9
41,491,49,101,66,7829,155450,510512,714838,1407071,22,38,40,7,56,5,8
42,492,47,686,62,1174,494470,67551,238975,619851,48,42,33,1,57,47,24
43,493,24,544,70,2048,846657,774365,549254,2150714,49,49,29,18,54,6,17
44,494,50,386,95,5716,483584,99317,923868,1592324,32,33,6,46,52,44,20
45,495,32,501,77,8400,463787,795589,725932,1933637,55,6,5,48,30,39,4
46,496,27,845,55,3311,418848,871302,608223,2097846,65,15,66,52,24,50,9
47,497,50,948,51,9804,752497,120978,770038,1775289,43,68,39,12,8,53,3
48,498,28,951,91,4126,791935,780446,714535,2557806,53,24,62,56,67,12,1
49,499,36,486,56,8877,186281,345915,341912,759921,43,69,59,27,11,62,2
50,500,47,261,47,9649,319440,369293,321385,754866,56,3,19,48,8,51,21
51,501,36,94,67,6947,673724,726572,233027,1596542,63,38,40,59,50,20,20
52,502,20,663,51,9231,650375,313550,694280,1745974,60,63,3,35,70,59,7
53,503,19,100,76,7035,150697,386752,567966,1020782,72,22,69,22,8,20,2
54,504,46,879,53,1436,113797,645037,650601,1447317,70,40,71,7,36,47,3
55,505,47,91,76,3996,823087,193981,113397,1313607,6,9,47,45,2,4,0
56,506,45,573,87,6737,532471,422533,370977,1191158,52,72,28,35,48,28,11
57,507,23,726,74,6665,731674,666138,364536,1703300,25,39,11,35,2,29,10
58,508,34,197,78,507,140022,66362,76284,205704,68,9,32,14,31,48,24
59,509,49,630,62,8779,444211,804151,428047,1752622,11,32,72,41,59,23,1
60,510,51,529,52,5134,504047,549990,740075,1856175,52,34,13,25,15,37,16
61,511,37,452,78,5339,244924,394068,966472,1778700,62,3,72,18,4,2,2
62,512,27,99,67,2225,389577,276546,156050,606047,59,51,60,54,12,55,6
63,513,36,935,51,9137,274477,215043,375261,1060427,1,21,60,3,9,44,6
64,514,35,135,55,3090,582194,686391,322082,1660410,21,25,42,2,10,32,17
65,515,51,306,47,6740,537522,472431,716541,1850500,27,12,12,29,64,37,11
66,516,35,356,72,1070,455989,576272,489255,1457931,34,64,41,53,39,10,19
67,517,51,200,87,870,583586,765906,59187,1269935,43,30,71,9,64,17,21
68,518,44,766,65,6643,853185,372567,974694,2537952,56,40,29,21,74,10,4
69,519,48,508,91,3544,689101,472939,553416,1930910,3,31,21,67,72,44,11
70,520,48,576,48,5247,308847,471078,282370,946567,43,54,32,50,18,26,16
71,521,38,756,48,5950,569222,395527,303155,1189446,24,43,2,71,46,19,12
72,522,29,231,68,9685,737367,666281,426707,1854892,29,20,39,24,52,11,2
73,523,37,632,92,992,831509,567756,417444,1894496,51,48,1,47,41,20,6
74,524,45,568,75,5673,692942,515526,645059,1890216,57,65,38,4,70,10,3
75,525,54,208,89,1997,509537,101122,444377,856670,46,10,66,12,17,7,2
76,526,53,188,54,2877,526935,101439,135553,774636,31,24,52,16,58,34,9
77,527,18,265,55,7931,193480,87270,567699,631216,72,42,10,35,34,70,12
78,528,36,364,87,2914,608541,836256,582887,2094038,67,59,19,17,28,4,7
79,529,26,677,55,7750,858791,623969,742125,2200137,68,14,63,49,45,20,12
80,530,39,59,68,9775,108699,378425,773530,1140418,12,72,6,10,24,40,11
81,531,33,584,53,3102,254724,433726,571214,1085560,64,66,23,15,62,50,24
82,532,29,48,92,746,782598,238497,365874,1142391,3,63,36,57,31,8,21
83,533,42,625,96,361,573409,304343,65544,973108,9,62,62,32,70,15,8
84,534,22,227,52,9516,621717,656152,854370,2203297,39,31,42,56,6,69,4
85,535,31,254,59,4567,630174,622532,504007,1625934,69,54,39,6,20,57,20
86,536,49,495,73,5999,369253,680341,666847,1475326,34,55,19,48,40,12,16
87,537,22,742,93,5938,672077,879861,556500,2060167,67,24,5,1,8,7,3
88,538,51,872,59,5078,782572,577709,413228,1746468,49,41,23,35,33,68,9
89,539,21,977,71,483,389409,133206,230081,779337,32,71,71,37,32,44,4
90,540,48,802,74,8980,614019,595929,884105,2133878,48,57,7,19,39,61,13
91,541,44,883,76,8877,116822,379810,355440,793192,34,41,26,32,52,67,21
92,542,51,349,69,3419,675742,459780,444592,1389960,56,51,40,46,3,48,7
93,543,19,616,85,2446,594701,569310,652549,1773345,69,71,18,34,54,62,1
94,544,36,29,76,6884,192566,797968,791657,1803632,52,60,29,9,64,31,3
95,545,45,394,79,4511,865937,496804,392500,1494849,68,6,20,14,47,27,4
96,546,50,194,97,8358,301389,176152,504463,822137,10,4,52,55,61,50,21
97,547,41,284,46,5930,447943,353591,638224,1693806,30,1,7,55,51,39,8
98,548,26,501,81,1116,285523,253299,899423,1587874,17,62,33,62,54,51,18
99,549,40,690,50,4098,148785,333431,316469,628478,42,5,13,40,0,49,1
100,550,35,170,55,2720,739746,561123,526872,1795326,68,34,54,17,42,39,20
101,551,53,591,54,5949,305441,281267,879535,1437201,26,29,6,14,45,32,12
102,552,48,535,47,7150,630345,546923,169360,1388192,54,32,59,50,5,15,19
103,553,21,32,58,8178,710950,283167,495934,1502843,74,71,13,45,37,34,0
104,554,24,26,62,1955,167221,384418,439211,623900,30,25,49,62,38,3,18
105,555,39,418,74,8469,504481,292875,88942,917430,58,16,31,60,45,31,13
106,556,25,171,88,3273,330636,278371,87621,643914,9,10,19,26,7,8,3
107,557,42,347,83,7823,972708,207877,584056,1844783,2,35,3,12,22,64,13
108,558,47,383,67,9729,152080,722015,605009,1381003,18,73,50,33,37,13,21
109,559,26,712,87,8808,82301,806751,244659,904976,69,46,19,43,71,41,17
110,560,52,400,83,5250,356382,510118,367603,823827,64,65,26,62,65,51,1
111,561,33,791,96,8521,205035,725287,916328,2054454,70,40,70,10,5,73,8
112,562,30,245,81,6525,313800,734385,356322,1440251,21,60,55,21,31,21,7
113,563,46,143,47,9280,667785,522298,190259,1422771,9,74,54,30,5,69,16
114,564,20,978,61,7777,534672,451870,418665,1397162,63,64,25,37,65,7,3
115,565,40,987,71,4313,825841,347629,258691,1474519,71,58,23,73,7,21,12
116,566,43,54,96,8037,747145,282051,533902,1628483,40,13,30,69,51,31,17
117,567,23,188,70,8131,769444,613301,947549,2603437,4,70,23,16,69,65,20
118,568,25,805,45,4655,202614,535130,583093,1397514,0,17,55,56,21,29,0
119,569,23,365,80,1136,765979,367757,572575,1406463,58,4,71,71,33,4,12
120,570,50,506,61,9455,494777,251823,427375,899229,62,64,45,66,28,52,21
121,571,31,162,93,8720,424428,456843,707818,1528708,25,30,63,71,28,30,5
122,572,33,365,89,4520,160025,481874,660951,1341267,22,38,58,50,44,42,6
123,573,43,903,57,7845,879982,539676,792927,2445731,43,13,16,23,55,14,11
124,574,49,131,84,4789,272530,690141,925785,1879870,28,34,22,5,53,21,20
125,575,41,246,65,6905,437608,425896,605275,1570244,32,51,35,8,30,25,17
126,576,27,221,95,2239,650240,398078,470720,1621246,66,53,31,37,8,36,13
127,577,22,576,52,620,579005,849123,144595,1455582,27,30,7,56,51,17,15
128,578,45,45,73,3103,258951,547634,498658,1346442,42,60,28,51,60,67,21
129,579,23,884,83,979,142936,727512,663373,1430577,56,54,71,50,9,26,16
130,580,51,413,97,73,702635,645689,958210,2479131,25,16,29,8,44,62,3
131,581,50,762,57,9644,333876,622705,61249,916988,60,2,20,46,1,45,11
132,582,26,519,63,5316,431617,245361,433885,1153283,23,2,15,42,45,11,15
133,583,38,957,66,9967,254845,398722,612996,1128567,67,57,46,6,56,58,14
134,584,45,109,62,3792,370066,381397,99998,628392,44,56,6,71,7,69,20
135,585,18,973,71,7981,808126,152137,164108,1013610,32,53,30,68,7,48,10
136,586,24,786,91,7854,176684,308029,252813,654266,59,62,72,73,26,9,10
137,587,34,688,62,4116,707532,766702,382860,1830173,37,11,49,70,31,70,5
138,588,45,313,48,4308,158907,491546,536414,1110884,67,59,72,17,25,28,11
139,589,28,741,51,3158,747514,537066,728014,2081737,16,42,15,44,31,53,21
140,590,23,102,73,4266,481210,731241,445423,1644949,67,57,56,23,13,63,18
141,591,34,868,85,8376,767237,409390,202985,1575117,63,1,49,4,33,29,9
142,592,41,648,62,8120,550943,484970,646045,1822043,33,44,46,48,12,59,22
143,593,33,511,97,2685,193550,490193,533176,1153945,20,32,68,50,13,5,17
144,594,51,584,72,6130,703223,327980,596106,1619623,34,70,38,14,56,14,21
145,595,38,379,93,2098,276442,741094,472495,1540000,16,25,67,20,38,4,21
146,596,31,787,87,8851,525987,308745,843124,1591067,51,61,56,28,37,0,24
147,597,29,865,62,3198,226196,387959,935568,1754826,37,62,25,29,1,36,13
148,598,20,487,73,2504,359997,786338,617384,1982489,57,50,51,24,22,12,17
149,599,41,774,89,3039,832821,381316,205411,1246283,41,58,9,31,58,68,6
150,600,35,733,65,7510,400768,203868,536195,1042888,41,34,53,67,4,64,7
151,601,54,780,47,4026,434032,855927,804440,2075017,59,39,41,13,38,52,22
152,602,54,254,75,2050,572467,484453,135852,807516,51,30,13,23,1,36,11
153,603,48,104,63,8482,443111,752588,678233,1831215,72,18,56,8,1,69,9
154,604,46,370,90,2982,342800,659222,668636,1784855,23,11,71,14,38,3,17
155,605,25,305,61,6614,380329,446385,272879,977128,41,45,16,49,32,43,20
156,606,42,500,88,3551,58772,305533,628652,688268,11,9,38,26,28,64,9
157,607,37,98,87,5121,799809,588674,605706,2133049,11,4,69,20,17,16,17
158,608,28,671,69,921,393842,211627,350120,834309,2,29,8,64,14,51,7
159,609,34,969,84,3383,480162,259736,427881,1311266,12,21,28,44,61,72,20
160,610,51,156,82,7569,759674,327348,275821,1186988,47,72,16,37,65,53,5
161,611,51,957,81,7195,323227,158810,287301,945591,66,27,49,50,30,21,20
162,612,37,74,81,8233,316770,33970,244363,257435,12,6,46,29,39,17,6
163,613,23,369,47,3012,586057,207938,473334,1195072,70,45,45,3,46,28,7
164,614,45,522,54,4680,637406,52305,628412,1019989,29,54,41,66,62,61,21
165,615,52,352,85,8486,628374,263892,413378,1284887,47,72,27,24,57,3,19
166,616,51,100,56,403,225499,805893,968547,2056817,57,49,56,34,44,6,10
167,617,23,575,75,4461,888452,689601,902672,2683555,35,38,66,42,29,41,9
168,618,29,315,74,6530,400652,736126,499113,1619505,7,29,28,53,52,48,7
169,619,54,938,82,2032,277841,623760,419339,1408597,29,7,50,27,26,46,3
170,620,50,509,91,5429,377189,688348,400624,1572897,50,60,11,45,44,38,12
171,621,20,563,70,55,651482,602583,763599,1940506,62,16,8,63,56,44,13
172,622,30,413,87,7922,684348,618884,535000,2084031,60,43,50,44,44,49,9
173,623,53,302,50,8449,287288,675664,977292,2014961,30,72,0,3,40,44,7
174,624,18,485,94,3097,697475,500230,612251,1721094,10,54,31,41,8,31,6
175,625,35,429,64,6968,676243,367273,93683,1065347,24,35,59,13,26,49,21
176,626,46,898,83,8428,129336,303157,336532,402481,41,19,71,0,14,51,16
177,627,26,339,93,9702,807554,359190,661850,1674498,57,52,67,42,68,46,0
178,628,46,113,96,1651,719097,250353,326345,1250666,67,62,10,70,44,44,9
179,629,34,504,94,5532,527279,221264,155257,936069,32,1,54,13,73,56,23
180,630,24,34,82,555,68542,3991,334014,236518,6,12,74,35,24,63,10
181,631,47,374,69,3023,439470,498102,396514,1228007,32,70,22,4,36,55,7
182,632,47,660,88,4784,606856,514520,101662,1028565,19,62,53,47,11,3,18
183,633,38,852,92,3576,224287,977477,742337,2102084,62,11,22,74,37,1,2
184,634,44,886,49,9446,531824,510985,453789,1473469,46,71,3,54,48,71,18
185,635,38,166,75,4842,159304,591585,415698,992781,25,44,8,54,64,21,21
186,636,36,182,69,4159,214378,353124,728009,1435780,9,69,55,30,54,65,22
187,637,46,606,46,5815,677375,229169,605840,1344325,70,37,65,17,21,35,14
188,638,38,148,96,4408,704282,690693,599318,2234555,32,57,28,34,49,53,15
189,639,47,372,52,2941,713188,837621,408163,1875641,30,72,30,52,35,14,4
190,640,53,769,56,6866,718850,728778,646678,2068118,42,14,21,39,41,12,2
191,641,25,581,86,7664,8164,394132,478921,575290,66,61,69,8,49,30,15
192,642,34,454,95,3900,782171,882897,785053,2574984,29,50,19,25,13,63,6
193,643,33,296,74,8710,141428,295930,910073,1310554,21,28,33,38,56,57,20
194,644,37,544,47,7070,163172,572803,478604,1188994,61,3,67,37,4,1,11
195,645,32,930,95,180,404970,617097,206372,1320085,13,47,44,61,25,52,18
196,646,49,527,68,1808,694218,833498,406434,2178118,71,18,69,38,56,51,19
197,647,44,421,80,7321,497747,589054,708913,2010923,48,1,46,26,16,3,13
198,648,20,761,91,9773,726761,398515,41689,996790,15,41,13,72,55,15,7
199,649,30,798,61,7980,800509,202669,432039,1534146,57,22,28,47,4,6,3
200,650,45,855,88,1178,923268,731224,971464,2702690,62,12,37,61,57,22,2
201,651,51,470,59,9375,656934,771885,543916,1985339,9,27,13,40,69,16,8
202,652,37,179,81,3945,197551,526712,752906,1573973,15,37,66,12,0,7,16
203,653,51,69,86,1444,322306,473309,524772,1039181,25,3,30,16,60,17,23
204,654,19,455,60,8856,707183,767718,183734,1373069,70,39,69,26,32,17,8
205,655,34,714,66,1266,459866,666943,569583,1697498,70,72,46,55,39,32,7
206,656,41,750,54,413,681744,440959,542411,1779057,52,9,50,3,25,28,15
207,657,21,748,71,7923,520685,343294,833415,1969010,69,60,18,48,65,65,1
208,658,19,835,67,8316,969132,331226,355105,1869355,64,44,43,36,42,34,4
209,659,41,258,90,3213,901885,480510,340104,1806760,12,52,43,49,63,14,6
210,660,42,208,74,4288,398570,553708,597641,1545255,28,19,71,31,70,22,12
211,661,33,463,66,4539,733014,583161,388498,1991228,1,17,15,56,37,14,10
212,662,39,54,63,1920,811169,205708,79067,969388,30,72,20,59,71,67,4
213,663,31,733,78,6573,30807,638247,933552,1400514,20,40,10,58,4,57,0
214,664,36,828,88,9280,571832,378945,180619,1273954,35,19,46,51,69,72,9
215,665,32,346,91,462,120935,743030,675102,1444303,25,14,44,36,45,36,15
216,666,43,596,69,2130,479415,847288,604576,1919940,60,34,43,21,57,39,15
217,667,39,728,49,5558,252902,711661,684395,1952854,57,37,61,53,22,28,19
218,668,49,781,84,2581,737869,581418,789930,2247486,55,34,24,74,31,71,0
219,669,46,408,80,8932,159057,413052,939495,1531040,65,53,6,47,22,48,10
220,670,27,934,81,7601,706703,763791,503824,2066631,36,59,6,73,26,58,1
221,671,20,229,46,8366,414631,465702,328168,1139195,27,71,53,57,42,14,20
222,672,27,940,71,6924,242673,343602,191092,831434,22,45,0,57,64,14,4
223,673,39,783,89,8772,894396,552305,157466,1639504,21,24,71,59,64,3,20
224,674,26,330,61,9870,325393,188176,372945,722740,22,57,10,55,58,56,17
225,675,49,425,72,7498,811071,479531,347581,1609630,59,36,66,65,71,48,1
226,676,46,903,50,8310,604938,757451,513369,1904966,57,17,5,4,45,53,23
227,677,28,16,88,3010,129009,573676,480625,1154402,29,20,9,47,33,55,5
228,678,44,796,53,3040,603738,127316,196599,864304,33,58,38,63,28,67,2
229,679,28,813,59,3363,238497,366381,398647,800564,36,69,45,24,6,26,21
230,680,47,948,55,5304,765595,455546,354327,1662523,4,55,2,35,24,26,19
231,681,43,650,82,5557,777208,982025,367799,2406901,47,14,31,42,66,40,23
232,682,41,59,48,1417,466581,690945,469903,1667507,12,10,48,3,63,20,22
233,683,25,143,92,3452,653873,242655,386322,1556139,61,55,72,72,54,67,16
234,684,43,636,50,4253,743494,581958,315477,1708320,20,72,35,26,15,15,0
235,685,30,366,53,8034,973443,619270,358350,2091504,11,64,1,31,33,26,5
236,686,49,586,81,2208,467405,289712,430963,1214574,39,68,59,25,58,55,21
237,687,38,343,78,74,579525,437513,768618,1904880,49,60,43,23,2,72,22
238,688,36,946,89,1461,235492,261044,186870,558231,42,21,64,38,33,62,19
239,689,29,782,77,6401,890422,716559,651555,2184251,38,23,6,52,71,37,17
240,690,29,786,86,3337,496388,401076,454486,1461569,42,37,19,48,61,1,20
241,691,44,318,53,4893,382368,701653,724973,1806253,34,23,12,10,54,68,15
242,692,26,359,49,7952,455405,542312,543170,1360147,5,52,5,11,67,16,9
243,693,27,869,51,5753,37049,470468,557787,1045687,35,47,56,28,32,55,2
244,694,45,88,85,631,736093,429272,453606,1525600,62,26,12,53,57,57,22
245,695,50,191,67,4616,395619,719782,594442,1650755,6,58,26,21,8,44,4
246,696,26,13,66,1526,724466,175707,178229,775036,57,38,23,71,47,34,21
247,697,48,736,92,197,640081,446953,688910,1816003,24,3,35,53,33,40,14
248,698,21,35,54,9551,542468,155208,422561,971897,54,55,22,25,2,62,19
249,699,51,49,73,3573,486175,513689,708124,1744502,27,6,26,51,56,11,19
250,700,42,387,53,2387,586445,820355,321981,1635881,40,23,12,59,38,57,6
251,701,29,791,78,9934,254611,730976,680619,1538965,23,23,67,11,66,6,19
252,702,44,768,93,5996,143518,363921,367849,594778,33,37,41,38,50,70,7
253,703,38,751,77,6185,523136,525508,393336,1591012,9,73,41,20,33,17,5
254,704,36,463,52,5704,296707,624312,425739,1080541,0,68,7,48,69,73,15
255,705,26,133,61,6502,431497,649606,628732,1866471,72,54,23,28,67,33,16
256,706,51,358,74,3170,211317,440209,493022,1156262,38,46,45,66,66,65,16
257,707,41,63,67,2454,857824,158854,657200,1960485,26,71,29,34,18,12,5
258,708,31,733,97,5288,542681,285143,355127,1084416,66,66,29,8,34,13,19
259,709,19,929,65,9699,246245,506426,578532,1394081,62,40,60,22,39,6,16
260,710,50,485,61,7936,617036,596698,659475,1740115,37,20,9,2,52,15,23
261,711,48,334,90,5573,194228,92967,258629,418528,11,37,70,63,69,15,20
262,712,33,488,73,7679,293958,520475,658260,1694227,8,43,48,40,46,63,12
263,713,27,517,79,9914,156632,389244,811381,1491641,66,11,21,69,35,60,1
264,714,41,878,78,7085,545743,652597,648357,1638736,21,38,20,32,1,44,5
265,715,37,268,71,2954,403426,531578,475752,1148606,12,61,58,60,37,72,18
266,716,41,525,65,4689,588054,354944,730378,1872960,8,0,27,31,43,73,9
267,717,45,722,56,1727,677421,541488,691032,1921702,18,44,39,64,63,33,7
268,718,46,798,87,9649,822561,344242,284289,1544749,65,71,44,17,9,41,11
269,719,20,500,80,9719,145032,250954,225580,276566,25,43,14,50,22,10,18
270,720,24,281,68,5228,926975,310927,208717,1580641,7,40,68,26,58,12,1
271,721,51,22,64,1170,168510,332515,518203,933769,14,22,66,50,33,45,5
272,722,49,106,91,8539,576003,131139,138145,636001,53,39,8,17,64,23,11
273,723,19,686,51,9325,722074,281155,551303,1599904,53,13,18,43,22,16,5
274,724,40,756,50,7332,531742,791296,362846,1880873,37,51,4,54,41,40,6
275,725,41,480,45,6732,505945,823541,235829,1832271,46,55,42,7,69,36,5
276,726,46,600,96,3838,467225,680228,743157,1864411,30,38,21,17,56,27,23
277,727,41,683,66,3666,745762,386772,455115,1668899,18,3,26,23,52,30,6
278,728,40,19,63,9076,427102,77682,306912,796787,70,54,21,16,0,2,5
279,729,28,377,48,1323,336054,928624,665042,2057608,60,22,35,24,64,52,16
280,730,47,287,49,6858,393041,496346,500106,1499421,29,7,1,31,43,60,11
281,731,18,700,85,2232,863480,647526,564337,2249071,61,60,65,45,58,53,9
282,732,29,730,90,7295,647172,293150,286223,1010569,5,9,9,29,26,36,20
283,733,44,627,50,4272,528054,384052,499261,1369165,69,14,44,45,45,45,12
284,734,46,739,86,2587,546040,550893,96913,1090987,65,7,63,49,21,46,23
285,735,21,913,60,8153,304527,546058,859180,1758368,9,22,27,30,19,36,18
286,736,20,832,63,8214,285431,901537,627432,1841862,23,34,17,3,63,39,21
287,737,20,400,76,7085,681438,668367,404281,1874974,58,70,10,47,9,53,19
288,738,37,715,66,7993,837210,248104,152035,916869,68,44,22,60,72,28,19
289,739,20,642,60,3811,662602,421112,634888,1431109,72,72,15,62,6,67,24
290,740,20,81,52,2053,385392,617842,368346,1167556,46,10,60,25,0,8,15
291,741,53,418,98,2835,414218,589657,345295,1674452,4,63,74,1,60,22,17
292,742,20,966,88,9596,581129,478993,527806,1478003,23,71,32,67,31,26,0
293,743,42,84,59,9340,725280,676193,505237,2039178,67,1,4,41,46,60,1
294,744,42,472,80,5139,439067,616841,604458,1846600,8,57,15,21,55,44,5
295,745,45,460,70,7751,971938,917762,474035,2584859,69,5,10,29,53,9,1
296,746,44,419,96,3038,175123,375909,262734,826705,35,21,45,45,35,18,1
297,747,51,290,61,2259,535336,187169,664944,1379275,51,68,38,59,31,55,18
298,748,50,74,60,7746,719889,467149,239197,1465911,41,45,27,23,52,59,2
299,749,44,265,97,2469,600605,8942,460362,912725,59,65,29,29,7,60,16
300,750,44,138,75,6264,630416,567053,913885,2181623,22,39,43,67,64,6,18
301,751,52,179,76,3233,530978,640963,384002,1669576,59,56,40,2,54,13,11
302,752,50,466,75,7281,664395,726390,225424,1756032,32,36,24,1,47,9,16
303,753,27,222,55,5752,346672,985976,626340,2463056,14,69,58,60,68,56,23
304,754,38,39,96,584,604296,453789,534247,1926095,25,3,18,5,55,26,7
305,755,42,311,82,9366,505880,501945,738083,1756093,48,57,18,6,68,21,11
306,756,20,88,57,7796,699761,538718,444403,1676229,33,63,65,62,64,32,9
307,757,27,622,87,8656,330372,577321,236225,1179915,15,31,42,65,40,41,6
308,758,44,548,87,4117,131552,459007,902211,1581919,62,58,67,64,61,33,16
309,759,36,712,66,5514,792193,905711,11544,1316128,73,70,32,49,55,45,16
310,760,47,225,58,8344,616763,605997,649506,1979367,72,25,47,61,36,1,9
311,761,50,694,97,6749,537610,567367,194013,1442175,50,57,56,26,15,72,14
312,762,38,63,48,9344,898303,865200,478172,2409575,12,11,53,58,34,34,1
313,763,38,93,94,2321,721698,358784,336331,1536942,29,72,53,2,48,48,17
314,764,19,425,77,3273,189274,711185,452832,1315844,25,56,15,19,46,19,20
315,765,53,579,89,8159,726546,66361,668408,1482919,4,54,2,31,74,73,15
316,766,24,181,94,5444,252415,177079,330661,780239,47,51,48,5,31,45,21
317,767,26,848,50,5712,686918,671704,711626,2046684,62,36,57,37,34,23,6
318,768,54,475,95,6117,87252,316697,537224,854233,33,71,53,35,65,50,5
319,769,49,782,88,8266,475539,443549,473413,1376949,73,54,53,17,74,21,7
320,770,27,700,63,9098,274338,397745,306358,1078380,42,62,20,52,59,33,3
321,771,47,275,67,2653,482219,422862,513103,1561670,69,57,36,30,65,2,1
322,772,44,529,83,9917,363984,395091,691205,1449074,67,43,51,1,44,10,6
323,773,51,233,89,7117,663832,390553,470016,1385356,57,37,28,38,20,16,21
324,774,21,751,48,6525,524239,898509,807021,2310041,50,34,17,46,7,17,14
325,775,25,291,88,8344,168949,566058,625518,1203009,26,59,16,40,53,10,23
326,776,24,269,52,4670,522126,324083,742375,1585001,19,43,19,59,32,9,13
327,777,52,345,94,3259,778287,423276,785814,1856201,53,64,6,9,45,29,20
328,778,47,137,90,2344,963194,366805,883571,2181301,74,45,37,69,71,28,10
329,779,34,202,82,1989,341321,664591,247990,1393754,63,17,42,39,69,0,1
330,780,25,429,54,664,836995,274871,387244,1535221,10,4,46,22,6,40,21
331,781,22,987,54,2162,301027,602951,765040,1707952,12,15,22,67,45,70,6
332,782,31,685,72,1574,290177,449882,695962,1168567,23,39,49,19,30,21,14
333,783,49,103,71,1756,661566,853385,653344,2091741,65,30,58,5,58,39,1
334,784,45,496,50,4753,237907,351877,606801,1259775,2,20,15,73,26,64,14
335,785,34,669,93,6611,451169,408447,876423,1835551,55,59,6,58,63,44,18
336,786,45,102,77,3329,427569,663863,390254,1604436,68,1,40,58,8,62,18
337,787,20,187,60,8270,250086,29676,738063,733095,37,58,13,39,50,25,1
338,788,33,553,77,3161,636122,349316,232614,1033293,33,47,45,61,67,70,11
339,789,46,71,95,5696,505499,759471,364760,1422844,19,61,22,66,54,17,10
340,790,41,124,70,4312,645994,252144,599626,1448552,59,23,19,57,35,53,3
341,791,24,388,89,2618,527630,304815,536068,1620795,19,72,72,32,74,46,3
342,792,40,31,74,3126,671945,774307,946687,2342912,1,12,20,24,6,68,14
343,793,27,188,89,7343,530198,525905,422559,1180665,43,35,17,50,7,63,9
344,794,27,427,55,1005,726747,375332,331163,1764678,27,72,51,31,62,32,4
345,795,24,507,50,9034,416523,643971,186531,1080612,38,13,41,32,26,18,7
346,796,36,230,46,3733,137277,521538,719878,1143202,9,13,36,73,37,15,4
347,797,26,616,79,9508,265146,97988,615726,964553,3,13,19,14,73,28,5
348,798,40,38,63,7057,601395,641515,485607,1582858,10,5,2,10,15,49,20
349,799,28,218,74,1000,370783,663382,386729,1364899,22,66,22,41,58,58,17
350,800,45,718,59,6541,550836,235053,761001,1617333,40,33,27,25,73,69,4
351,801,28,538,61,966,667255,778884,540970,2010112,12,13,2,2,59,44,18
352,802,32,83,53,1609,650307,518492,524423,1460607,18,73,21,12,3,72,17
353,803,25,30,82,5741,165314,396226,820472,1194774,26,59,32,13,58,26,10
354,804,46,934,67,7766,771264,165837,484524,1530198,14,63,50,45,64,70,21
355,805,52,244,67,541,415535,612584,227445,1325198,73,4,52,14,16,59,10
356,806,29,134,80,8103,67918,528561,931135,1395530,62,49,24,50,22,3,17
357,807,20,439,66,849,461487,113716,292700,803453,10,65,57,9,6,46,22
358,808,45,215,88,1029,96072,652706,654058,1231684,0,14,59,35,38,42,14
359,809,23,667,96,8072,401261,955907,615188,2088178,71,50,38,23,33,26,21
360,810,23,675,69,5242,332498,958840,362610,1913074,9,29,44,49,45,0,2
361,811,32,729,75,3521,542551,442323,586986,1441127,51,57,17,23,54,38,19
362,812,50,572,87,9375,363635,802066,637507,1679541,20,59,20,2,19,5,5
363,813,39,694,70,8137,665214,892372,611472,2052002,66,40,19,41,21,49,6
364,814,30,505,91,2322,347788,543612,369944,1157473,36,21,55,43,10,18,3
365,815,42,623,63,640,201198,500095,315464,1027438,16,26,71,45,1,55,15
366,816,24,93,81,942,644401,629488,767977,1916222,65,43,4,59,47,44,16
367,817,34,216,81,8339,449296,739793,903231,2219514,3,34,49,9,47,65,19
368,818,24,334,65,8368,785535,350271,925536,2165063,34,17,73,32,65,68,1
369,819,28,249,58,7117,271043,419902,362806,1221952,10,26,54,40,51,57,15
370,820,47,960,92,380,814448,449751,555955,1830353,15,21,5,41,15,57,22
371,821,43,693,93,2905,722609,714077,958558,2355055,39,55,72,33,17,36,18
372,822,37,57,67,2522,438163,430437,176387,1215740,10,47,70,4,25,9,1
373,823,50,537,83,5648,64379,578820,23120,543301,0,51,71,44,13,15,19
374,824,19,475,55,4543,562493,4807,183725,295517,6,45,56,34,3,40,17
375,825,48,606,78,3184,750567,882882,748858,2242042,58,43,68,56,30,65,21
376,826,52,461,72,6738,297195,117701,632423,1002809,47,35,73,6,73,48,14
377,827,28,174,66,5860,613676,282188,10833,836242,64,45,44,61,11,60,9
378,828,35,305,73,6308,783352,690216,677432,2251990,3,24,14,30,71,40,24
379,829,32,289,60,9198,416189,568113,232019,1295231,25,51,20,62,62,43,20
380,830,51,377,91,1292,874233,659875,344846,1762125,62,68,3,55,16,34,20
381,831,20,897,91,8540,593408,20360,370568,724400,69,32,25,24,59,69,20
382,832,42,928,77,9211,426842,507779,577326,1422520,73,47,56,46,23,68,16
383,833,45,161,65,9762,498132,889350,560799,2283132,7,74,46,10,8,29,9
384,834,42,504,76,1071,571069,589519,405019,1556143,12,38,7,20,1,34,19
385,835,54,900,72,9459,641833,292283,352130,1457367,50,37,38,62,57,5,0
386,836,38,435,63,6512,61732,531590,589211,1073544,70,35,45,19,4,68,16
387,837,47,915,87,7074,301386,357984,322460,883646,47,33,25,18,9,33,8
388,838,52,705,72,4133,244471,775679,972430,2079957,33,7,28,55,50,41,17
389,839,35,52,68,9481,664887,783015,340094,1515487,46,12,42,71,33,32,19
390,840,52,265,61,4312,908924,519045,606721,2009545,10,51,37,24,54,55,20
391,841,38,796,78,74,302111,671052,268246,1046978,48,1,21,28,46,42,20
392,842,38,926,67,456,290025,368979,73295,472411,7,12,42,12,55,0,21
393,843,44,131,53,7039,63415,434675,449450,999830,10,23,61,1,58,33,21
394,844,52,673,72,2804,615553,582157,784502,1863544,31,41,3,26,74,48,12
395,845,50,128,97,6024,482060,485613,445786,1433484,57,36,34,22,40,44,24
396,846,42,625,58,3151,551566,681420,537962,1920930,1,42,22,59,42,38,8
397,847,28,741,82,186,567213,876332,562854,2085053,59,34,37,2,42,54,21
398,848,46,246,53,5737,226943,152907,215866,462753,22,55,57,57,16,18,7
399,849,27,496,46,8472,853175,500302,48300,1174888,19,27,56,52,9,10,12
400,850,18,260,57,4512,118708,710664,87052,710116,25,1,68,23,12,24,1
401,851,35,850,87,3439,862839,405211,170020,1573750,42,12,7,42,50,58,16
402,852,26,756,72,6987,517370,690866,522183,1758388,0,24,12,11,1,31,4
403,853,46,30,51,3992,839674,250033,298433,1649984,58,1,9,21,71,19,3
404,854,52,244,62,4908,818576,729603,796550,2419459,64,51,5,24,19,8,23
405,855,42,807,92,2862,511310,730273,428445,1875743,56,25,3,2,28,8,13
406,856,36,624,68,4574,477728,626440,571076,1829865,31,45,36,43,65,59,13
407,857,24,458,61,1320,435403,850388,333394,1617898,55,30,50,27,44,66,18
408,858,40,158,89,9779,443703,443027,196014,648244,59,53,15,66,39,7,14
409,859,34,455,79,132,692216,696964,602794,2166279,29,0,11,39,72,1,17
410,860,21,131,58,4416,491122,602891,417435,1513961,41,5,24,16,33,38,21
411,861,30,899,64,4550,582270,525010,740458,1964470,55,62,60,41,26,69,3
412,862,36,782,85,1962,472085,523890,426175,1679532,30,69,16,28,26,10,12
413,863,26,904,90,8800,335267,604529,474548,1400018,52,10,40,72,5,36,4
414,864,42,511,54,2422,536696,266823,583024,1517289,10,32,53,8,51,29,13
415,865,35,63,78,1605,606242,685976,580905,1635963,7,28,55,2,7,25,20
416,866,25,427,83,8563,436119,272680,220195,939487,53,45,17,74,47,71,19
417,867,48,243,86,6393,516491,568039,952173,2256727,39,42,3,67,72,2,11
418,868,32,216,68,1518,212562,425876,456560,1087581,8,69,4,52,55,64,14
419,869,20,80,50,5342,331438,774441,578013,1436570,7,2,4,26,28,25,20
420,870,36,65,70,5192,356942,928439,215632,1546684,71,22,28,71,61,15,9
421,871,22,330,46,3024,396520,735454,918914,2129717,0,26,19,1,28,1,13
422,872,50,640,61,6231,557119,525080,582822,1694957,23,16,59,1,68,21,4
423,873,45,496,60,8703,627720,813580,321627,1781136,30,14,1,8,15,70,12
424,874,33,362,90,9401,243805,43962,314607,521324,37,11,52,66,72,31,4
425,875,51,100,84,6295,735910,181397,450479,1174933,41,55,26,63,47,13,15
426,876,28,472,78,6270,779532,291744,302910,1233212,8,71,37,23,68,57,17
427,877,42,762,87,6421,262295,275962,803948,1270950,45,71,37,14,4,64,18
428,878,54,594,72,1876,883632,604463,413078,2124016,46,53,41,5,68,52,7
429,879,50,477,78,1972,467639,38447,69093,425460,67,17,60,30,19,3,16
430,880,40,288,85,8813,332749,481512,260290,1125131,64,38,43,51,16,35,10
431,881,45,423,58,6766,823614,667945,788469,2203564,17,41,45,12,3,54,9
432,882,45,661,56,3744,146158,412633,825978,1406104,59,44,45,18,39,22,9
433,883,53,545,81,4173,610448,541089,377372,1589267,15,30,11,35,41,42,7
434,884,53,26,78,9252,401224,575758,611437,1690243,73,39,69,20,59,38,6
435,885,26,631,48,6188,680140,585265,217269,1389979,32,38,34,24,27,11,23
436,886,52,516,84,5137,267901,469751,396366,1321854,52,17,45,19,12,43,13
437,887,46,243,97,6775,916409,253274,27342,1026908,17,36,4,62,11,7,3
438,888,36,47,60,5652,232346,746271,504312,1533039,15,37,51,53,59,63,18
439,889,36,370,74,2638,534037,505030,325527,1495359,13,46,60,26,39,67,22
440,890,53,949,92,9215,286516,707635,296632,1268719,59,48,23,60,56,27,11
441,891,32,244,78,8456,349009,283510,636836,1342394,13,73,6,43,27,25,13
442,892,51,82,75,2592,550030,151873,200548,564969,66,62,45,55,29,53,24
443,893,41,542,93,648,148403,667237,483862,1034629,1,33,33,39,67,45,21
444,894,20,177,56,4969,741946,174546,219878,1161833,68,9,1,3,62,30,16
445,895,43,578,64,3837,624266,699967,230030,1406144,46,4,23,18,11,67,5
446,896,31,31,81,2695,736120,272004,88882,1022706,67,60,41,62,18,31,22
447,897,23,757,47,1853,282261,440247,524997,1198279,17,51,28,8,47,35,13
448,898,47,632,67,5860,508578,390681,496649,1298145,55,56,8,30,63,48,5
449,899,50,646,54,7383,353060,501293,809365,1766544,48,19,35,7,21,10,10
450,900,30,418,72,2470,394378,304569,428636,1053292,10,17,10,7,37,15,20
451,901,19,261,59,772,748067,337845,159386,1045919,60,5,70,71,17,25,6
452,902,50,947,90,6790,247702,492991,449199,1087258,54,11,30,23,70,71,6
453,903,21,944,92,3262,581962,37318,572250,1168347,44,69,36,63,48,72,5
454,904,32,275,75,164,334447,198297,608762,983046,2,68,28,27,19,13,12
455,905,53,507,77,6486,820744,217873,358953,1142199,55,14,3,37,12,52,4
456,906,53,421,79,6390,505557,514774,390294,1348325,29,22,47,23,21,43,10
457,907,47,959,61,4362,305790,565997,674335,1572265,43,9,50,61,50,45,17
458,908,51,349,71,1394,712151,346676,574025,1404052,63,40,14,48,66,4,7
459,909,25,831,78,1461,839583,381533,211324,1255078,73,64,62,32,25,26,16
460,910,43,452,87,9367,342011,482512,528636,1302889,50,39,4,13,18,61,21
461,911,41,353,87,2799,810780,599003,640540,2063929,34,64,71,27,68,19,11
462,912,35,673,80,461,431379,954327,653735,2419825,16,29,38,35,69,54,9
463,913,20,76,70,6911,997695,556781,685286,2669872,66,37,7,15,67,9,17
464,914,46,237,63,8794,624933,389573,217436,1102795,51,0,43,34,33,30,17
465,915,19,492,98,3124,360123,313240,907673,1790172,32,17,69,72,59,30,2
466,916,50,670,92,4451,504656,778624,751355,2056060,54,60,57,17,1,50,13
467,917,53,15,85,7541,339579,538078,547794,1421440,11,3,60,25,72,14,15
468,918,46,237,69,3923,266445,506039,694719,1185940,26,59,11,40,16,23,10
469,919,35,522,72,2538,789481,448627,890045,2380906,73,44,26,47,59,31,3
470,920,44,186,66,5426,537975,505543,333976,1303047,28,4,26,65,2,72,4
471,921,47,749,46,9471,147166,727176,59137,904162,43,12,3,5,13,66,17
472,922,18,746,93,5655,552694,626692,349046,1466393,56,73,14,46,56,31,5
473,923,37,329,58,1553,746882,890476,575804,2300313,2,13,43,31,7,39,13
474,924,40,66,93,3882,777913,707987,881242,2230323,71,51,9,46,19,3,11
475,925,49,156,57,5094,455556,491079,68538,1055231,50,26,4,4,62,10,2
476,926,36,135,87,1807,812020,463886,132317,1698984,12,24,36,56,69,28,2
477,927,23,691,96,7120,324434,18400,538902,522054,18,54,28,58,60,58,7
478,928,21,914,78,8514,764820,887727,694451,2433229,60,36,5,41,55,19,6
479,929,38,105,88,7369,372694,775710,641663,1665030,10,42,22,2,2,63,15
480,930,37,82,94,6449,667559,545588,897487,2312622,27,34,7,70,48,59,0
481,931,21,873,52,1557,680119,281975,225759,1302049,15,49,38,47,20,48,0
482,932,38,671,76,119,168260,486710,708067,1101021,4,27,37,13,20,0,19
483,933,29,556,51,7391,580203,534053,507621,1787475,29,41,70,0,28,5,1
484,934,35,722,56,944,359902,481335,489084,1311218,63,12,39,22,4,10,2
485,935,18,683,84,4620,541517,678231,346744,1652193,8,53,61,14,70,6,9
486,936,36,243,58,889,820852,537658,935003,2353985,59,42,62,35,54,51,18
487,937,21,560,76,7438,373685,691707,669291,2109590,58,73,14,45,50,59,3
488,938,42,750,78,4009,856653,382675,703284,2101370,57,68,35,59,74,23,0
489,939,47,369,48,3681,325690,452841,200771,940085,44,6,68,50,46,32,15
490,940,49,64,85,2201,584462,654612,809672,2067023,13,55,3,54,8,41,24
491,941,47,740,64,5627,645641,283335,7321,452356,48,20,11,20,10,51,4
492,942,51,903,90,8801,208390,538708,345666,919227,66,46,24,2,25,8,3
493,943,47,815,97,5263,325344,308010,266841,943303,54,37,61,62,17,17,13
494,944,53,469,51,7062,218609,278450,561024,850907,50,25,66,37,69,47,1
495,945,33,494,96,9636,37328,522956,472833,1213131,60,32,47,28,64,30,20
496,946,47,913,57,1176,306009,487654,720008,1658462,67,47,15,56,74,18,5
497,947,27,480,61,7772,596114,342432,573937,1482339,40,5,45,7,26,41,4
498,948,23,742,49,8717,319422,507406,253467,1060465,61,61,36,15,16,4,18
499,949,53,455,76,9513,683970,438874,365694,1268220,13,60,43,67,13,26,12
500,950,47,257,48,1447,723084,769649,616432,2007087,54,51,13,20,31,39,5
501,951,30,715,74,9764,160904,289953,563577,1114446,74,6,15,59,25,7,4
502,952,31,230,89,6570,519399,934180,883593,2378712,11,25,55,53,60,22,19
503,953,34,277,50,7261,558380,5880,519937,716214,33,25,10,64,71,48,3
504,954,49,348,47,3255,651067,591101,222604,1466660,52,41,39,18,34,65,7
505,955,18,422,58,6872,767587,502111,503132,1619997,53,69,38,73,29,42,20
506,956,54,191,51,2519,597386,917287,511373,2043834,69,16,11,51,27,53,19
507,957,48,159,50,4768,276929,288025,410895,1153245,69,16,67,27,20,9,4
508,958,38,845,46,4657,336249,761778,283063,1501410,49,57,15,36,39,72,20
509,959,39,817,64,3253,862273,351367,302945,1328711,3,18,29,47,32,28,7
510,960,46,581,54,4310,443243,275918,365149,965507,69,37,68,34,19,6,6
511,961,37,45,74,6029,350843,804256,314272,1708614,71,56,68,52,49,8,8
512,962,28,300,49,9814,569042,698747,75600,1167359,36,68,7,13,62,62,1
513,963,20,879,82,7400,457808,555355,1861,551822,19,34,19,25,73,39,23
514,964,51,898,47,2392,386493,606467,452037,1577041,5,16,17,28,66,44,8
515,965,38,40,70,7385,709214,292140,106564,991532,16,21,55,5,20,44,20
516,966,29,435,50,2023,763174,231143,290916,1394504,54,35,65,23,5,20,7
517,967,24,362,55,9596,477476,366989,615403,1391841,46,15,16,69,41,57,22
518,968,39,703,72,460,455107,489221,15052,796152,45,18,63,38,44,27,23
519,969,38,695,90,8531,498483,920696,404496,1834691,7,24,61,26,36,57,5
520,970,44,444,65,4233,575614,455625,545296,1368191,50,33,38,26,47,3,23
521,971,28,593,55,9113,524746,612867,519142,1675513,70,6,13,41,64,7,6
522,972,48,400,79,2323,360058,586632,863536,1869082,7,61,28,4,60,48,18
523,973,49,986,54,9588,61459,834668,382847,1147898,31,21,23,29,8,34,13
524,974,21,224,73,3583,643005,398260,586064,1512931,73,25,54,24,1,5,1
525,975,45,73,92,1613,238042,226955,510174,653742,41,69,31,30,5,9,22
526,976,18,455,75,1278,909548,376907,268504,1433278,51,53,73,27,9,54,10
527,977,43,373,98,4797,607037,490335,376340,1253200,51,56,14,26,34,5,14
528,978,30,726,53,1532,666564,474186,433303,1533422,35,10,60,49,63,7,15
529,979,32,878,59,1186,899666,354798,944949,2312249,21,36,59,34,26,44,18
530,980,49,703,77,1570,489139,63194,447543,706051,12,11,2,22,16,26,11
531,981,48,147,76,6380,712521,637323,740232,2141384,66,55,59,2,56,4,3
532,982,44,348,56,8732,484068,464377,371388,1101304,67,64,17,47,7,17,22
533,983,39,317,89,3165,389862,734764,617450,1706434,44,5,24,24,22,5,15
534,984,22,51,53,4193,360807,313772,676989,1345479,72,67,50,17,18,58,14
535,985,26,114,87,2035,141633,170570,864852,1187749,6,38,61,21,73,39,10
536,986,29,44,48,2034,711995,581951,593941,1879188,70,17,24,6,29,47,16
537,987,45,498,93,8312,169611,688682,523362,1390609,16,30,25,32,55,28,1
538,988,19,870,55,8172,344146,609482,748224,1592735,56,2,57,47,13,10,4
539,989,38,640,54,728,723121,782377,560200,2150399,7,44,10,33,46,60,19
540,990,25,124,49,3842,570399,641483,673913,2072218,12,36,35,33,30,17,4
541,991,24,101,49,5824,678849,176658,205206,1098827,49,17,71,23,2,3,9
542,992,54,300,49,5567,405131,332074,578765,1158563,74,42,25,11,23,63,18
543,993,35,313,60,9953,890700,637377,596927,2409024,59,18,46,34,32,69,5
544,994,30,141,83,4109,396771,447366,419861,1171918,16,51,67,47,7,4,22
545,995,18,870,65,4273,727217,349723,146525,948476,36,45,61,32,31,30,2
546,996,27,340,47,5529,539429,450673,550672,1726304,32,64,20,29,44,37,9
547,997,51,665,51,9667,381948,631077,489875,1430634,61,20,11,6,13,32,10
548,998,40,762,67,8860,256640,309991,855464,1350029,31,27,23,38,22,62,15
549,999,39,969,65,3694,642215,25229,317126,931502,53,62,29,29,1,13,0
550,1000,24,351,57,5238,381229,238810,845327,1318858,29,48,58,6,0,63,20
551,1001,48,588,73,8114,478576,578740,489539,1407183,43,41,19,9,1,14,3
552,1002,19,623,51,1642,452368,514653,474337,1427641,51,22,70,6,20,70,23
553,1003,38,56,60,2529,525311,488498,807530,1761341,43,4,37,56,63,48,19
554,1004,22,922,53,3726,675748,185217,615795,1504812,32,21,42,50,7,63,8
555,1005,42,690,68,3771,350529,546844,242231,991223,10,23,43,51,45,51,18
556,1006,23,733,47,7958,290140,375526,356158,1215742,29,37,58,69,52,60,6
557,1007,20,420,61,3413,735611,145167,450747,1110623,55,48,38,30,4,67,10
558,1008,49,629,87,6012,858409,203707,754272,2055566,55,56,16,65,63,40,13
559,1009,54,53,81,3148,346895,570199,292947,1283150,15,40,41,6,71,0,22
560,1010,28,409,64,729,615725,627662,592263,1718759,51,29,58,7,5,7,14
561,1011,39,663,86,7693,521680,790680,835493,2163986,52,9,23,20,49,1,11
562,1012,46,654,70,2832,728630,730732,670381,2217823,43,24,58,72,64,15,8
563,1013,24,782,67,4647,302303,511432,556924,1309984,8,32,22,57,18,32,1
564,1014,33,294,71,2922,732365,306053,66569,951095,25,18,45,49,16,58,4
565,1015,33,912,93,4102,585868,432539,903823,1940434,15,37,73,41,37,6,23
566,1016,53,638,61,6225,547075,735003,850305,2148603,4,54,21,26,71,62,20
567,1017,53,752,77,5415,644569,706742,673470,2116376,54,49,19,13,19,20,6
568,1018,41,315,81,312,937142,380465,913119,2549962,68,21,70,56,56,10,1
569,1019,20,363,50,9226,279666,659051,72264,1294779,16,29,3,73,43,42,21
570,1020,44,136,85,8232,471108,448288,312075,1345567,46,20,5,53,8,51,9
571,1021,20,155,77,7820,426266,381054,904663,1796800,7,68,58,13,13,43,9
572,1022,45,876,63,9699,61724,709262,356778,1080121,49,48,62,15,41,17,18
573,1023,48,913,51,1672,734002,486249,554793,1547898,63,24,33,6,22,9,7
574,1024,42,60,58,2024,419250,276938,281940,867731,8,5,18,10,44,23,15
575,1025,29,537,60,4867,956003,122486,467732,1664194,67,24,65,70,61,25,2
576,1026,37,127,75,2400,379471,784033,220386,1364183,54,73,23,59,8,43,11
577,1027,23,502,60,3473,691700,288074,383992,1367664,26,62,28,53,58,60,21
578,1028,26,298,60,9659,82269,268992,488318,777998,8,50,70,46,44,10,6
579,1029,22,673,53,3502,471452,581639,434659,1460722,44,62,3,63,44,66,3
580,1030,45,42,53,8426,290255,343880,306491,566094,59,41,8,5,11,60,20
581,1031,43,549,54,1865,605306,420917,825527,2008131,26,19,59,68,20,70,17
582,1032,53,334,90,7107,760530,710964,471652,2025487,8,20,48,16,73,1,4
583,1033,53,701,81,4957,266711,264724,419002,1039272,4,3,29,66,36,9,1
584,1034,19,120,60,3924,517433,344006,801101,1665628,4,13,51,41,26,66,16
585,1035,36,483,91,888,498342,550877,377989,1823903,56,66,63,13,24,14,17
586,1036,19,939,70,6403,95020,676006,756215,1633675,4,7,54,18,69,57,19
587,1037,44,88,58,4827,630508,337159,715521,1752833,19,63,49,63,6,73,6
588,1038,49,932,53,4090,651987,541444,250716,1155222,9,39,13,34,33,35,8
589,1039,31,486,70,7028,637699,441421,666368,1788041,24,63,8,33,26,72,9
590,1040,38,532,60,7431,460920,500160,316312,1375432,67,47,33,15,6,37,18
591,1041,33,447,70,6395,559024,252455,268668,1078893,37,28,6,32,11,48,15
592,1042,38,840,76,9807,451213,314834,346141,978337,40,5,67,56,34,42,3
593,1043,31,722,87,5254,532088,818480,150370,1207369,7,63,22,7,30,50,23
594,1044,40,794,64,2566,690594,766157,181982,2077934,8,24,39,12,24,11,9
595,1045,25,821,75,9656,639582,836082,663006,2578246,56,32,23,5,63,15,11
596,1046,40,18,84,617,228566,350986,166061,780178,13,48,62,6,30,42,13
597,1047,34,471,55,985,862453,395142,493962,1648240,68,73,21,43,42,23,10
598,1048,39,607,45,597,240401,402681,550023,1086794,18,59,14,25,24,57,0
599,1049,40,137,94,7869,705912,301897,224377,927311,63,64,65,62,37,67,5
600,1050,20,808,50,6447,427286,851388,658567,2019880,66,60,46,39,49,50,22
601,1051,41,577,79,6271,835157,481511,231384,1401175,11,37,31,13,47,33,22
602,1052,47,641,89,5996,659828,671459,617658,2007225,51,54,15,49,68,72,2
603,1053,40,244,50,5060,859464,579110,59625,1141636,74,6,34,46,0,37,9
604,1054,30,383,59,9755,607164,464200,418601,1737678,47,30,30,53,60,29,0
605,1055,33,497,72,3942,393847,738621,595361,1760710,57,33,60,21,11,34,19
606,1056,53,859,66,4452,388559,514846,736053,1541443,49,1,35,58,48,57,19
607,1057,33,873,65,3725,627962,321035,807753,1611290,47,73,20,9,18,49,13
608,1058,52,553,63,6907,386353,640877,430608,1522945,42,36,67,16,47,40,17
609,1059,46,299,94,5889,619224,485733,898384,2167575,3,39,47,9,22,42,13
610,1060,41,85,68,3434,670971,744010,608712,1892494,72,4,45,26,18,15,3
611,1061,44,60,56,2588,520589,951204,760941,2352769,59,57,21,57,19,72,17
612,1062,39,829,59,9684,823095,442867,237290,1296390,44,55,30,19,31,28,13
613,1063,42,272,55,8620,547186,84077,297064,650819,54,17,36,58,24,67,17
614,1064,20,543,93,2468,393889,583755,390154,1442541,36,39,42,13,38,66,12
615,1065,42,555,68,5592,871853,978034,930595,2731753,44,38,53,41,54,64,4
616,1066,46,576,84,6088,690049,629395,114765,1355109,63,43,51,59,33,28,14
617,1067,31,851,62,8323,921824,333902,191972,1706002,68,63,66,57,44,22,5
618,1068,25,196,73,4916,437288,242188,746023,1554440,36,42,44,4,6,70,19
619,1069,48,230,69,5950,667457,65336,595077,1503076,40,64,51,63,9,49,24
620,1070,48,496,91,215,414352,468964,634217,1660858,51,61,56,56,33,4,1
621,1071,52,794,54,1412,568816,428845,496973,1650799,63,2,30,9,70,46,12
622,1072,25,629,81,2278,55441,685539,720509,1652662,2,2,20,56,71,55,22
623,1073,26,107,74,978,436804,875771,950384,2466535,50,46,48,9,41,41,15
624,1074,48,892,78,9300,561233,425142,758733,1648836,63,25,3,28,44,44,13
625,1075,24,628,62,2342,364652,219653,749992,1506525,44,37,55,18,8,45,2
626,1076,26,777,67,7672,855146,441638,253682,1177672,65,7,36,70,60,54,22
627,1077,24,306,50,3590,695870,171917,577099,1500156,62,41,74,71,43,65,1
628,1078,27,156,60,3658,429478,565413,922354,2276350,54,30,34,60,23,21,1
629,1079,53,357,73,893,495374,394206,193014,1042089,49,5,52,22,37,10,20
630,1080,38,718,71,9195,448430,726820,937673,1951504,59,19,60,57,56,63,13
631,1081,23,240,89,297,325580,771920,689683,1716942,24,72,42,14,68,20,10
632,1082,29,429,52,9765,763017,316340,239932,1463413,57,49,37,68,6,56,1
633,1083,30,700,70,1901,271153,389527,417405,1103108,29,62,53,21,52,48,4
634,1084,19,606,80,945,445668,489361,100289,1053012,72,16,72,13,12,16,16
635,1085,21,73,65,6088,984115,797761,355375,2254064,73,52,21,74,57,8,6
636,1086,52,761,56,2321,422440,545561,346908,1102546,41,34,53,18,3,12,16
637,1087,22,228,59,2405,271838,757686,313288,1560188,13,62,20,57,50,25,17
638,1088,36,466,64,9917,524111,355346,119667,942588,21,58,43,70,42,23,9
639,1089,52,560,93,1969,285493,481381,479523,1229014,21,14,8,70,44,21,21
640,1090,23,385,91,2754,11674,544070,90519,230223,56,23,52,54,6,24,13
641,1091,48,749,70,211,487951,423485,738405,1565262,21,56,55,30,14,50,23
642,1092,44,246,62,1248,668021,240403,593480,1391309,17,28,68,17,33,15,5
643,1093,34,915,59,8160,221454,451232,844505,1336714,70,6,38,31,63,32,14
644,1094,24,989,84,9819,750660,629742,580502,1945314,58,46,10,69,6,30,1
645,1095,54,66,62,4877,438740,722866,290730,1445286,66,20,47,68,47,45,21
646,1096,38,610,59,7450,231102,439453,456988,1212953,12,17,68,51,41,69,16
647,1097,41,474,67,7740,745837,712953,486571,2377629,32,14,4,36,60,35,12
648,1098,27,335,91,3595,402329,470051,637342,1553355,37,34,16,55,41,30,18
649,1099,22,495,49,8490,370530,409655,648785,1430607,67,29,27,73,6,69,0
650,1100,39,162,96,3463,994202,638278,798363,2565901,38,66,10,70,49,40,10
651,1101,30,376,46,6030,537902,613633,612898,1748422,21,26,51,30,15,22,9
652,1102,30,343,79,9898,734002,614998,589782,1945469,10,2,58,64,34,37,13
653,1103,43,949,50,9927,402946,625506,968618,2322615,52,49,8,44,58,69,18
654,1104,43,834,80,3215,193264,401638,836314,1466711,73,66,11,57,64,54,8
655,1105,19,960,89,4118,601733,411365,867357,1877446,71,62,40,33,43,3,7
656,1106,24,263,75,5581,453446,298057,111716,675026,30,65,33,30,11,48,8
657,1107,42,889,80,9275,209236,670179,646670,1514426,50,36,70,20,14,29,3
658,1108,21,438,48,4931,662861,625579,377575,1441592,43,40,27,33,46,46,23
659,1109,50,507,71,8475,674364,694908,942076,2331705,74,29,29,66,71,61,10
660,1110,32,390,64,3509,367661,921555,795818,2308214,61,57,38,58,32,32,14
661,1111,30,580,57,7281,348407,286835,345599,1128474,68,36,53,54,64,23,2
662,1112,31,52,73,1161,565730,506830,952177,2297327,23,31,8,24,41,47,2
663,1113,43,752,52,5005,411702,687501,512385,1549697,9,13,56,14,56,20,6
664,1114,50,412,60,6823,482771,972994,423003,1863944,60,20,74,25,13,60,20
665,1115,23,242,59,3618,592925,497553,35968,767168,24,55,8,42,13,12,10
666,1116,35,809,98,4627,544433,898932,817164,2510844,21,73,63,59,51,50,21
667,1117,24,461,97,3135,68407,800555,573481,1195878,29,7,61,40,39,48,7
668,1118,37,207,65,5404,356642,604511,685122,1380689,19,20,64,15,31,4,21
669,1119,53,28,89,6659,55414,767619,679531,1003882,22,7,5,17,41,37,11
670,1120,35,127,47,6620,221638,605558,607747,1466865,11,23,14,24,44,55,12
671,1121,45,918,61,9925,619867,543609,72149,1108240,68,4,55,23,11,9,2
672,1122,20,684,55,1532,898820,330161,507072,1986098,39,65,8,38,72,3,6
673,1123,34,334,80,5849,527997,797085,308669,1718479,21,14,73,52,60,34,4
674,1124,21,425,45,3323,851410,373130,494777,1686284,6,60,45,21,8,55,4
675,1125,45,854,64,7189,537538,3969,176488,302455,57,62,72,54,7,3,3
676,1126,46,309,82,3874,519957,546163,621862,1641213,20,15,60,14,32,11,16
677,1127,53,949,96,8040,575930,562328,829571,1817472,23,18,22,36,62,26,17
678,1128,19,388,88,785,607556,654905,793182,2130907,47,9,55,46,66,12,4
679,1129,36,781,65,5588,246623,731081,364823,1144164,69,9,52,26,16,42,8
680,1130,30,228,63,7770,539470,789630,473021,1502204,61,50,2,63,72,46,1
681,1131,51,955,57,224,816636,164821,500937,1657535,46,48,39,18,26,38,12
682,1132,46,111,66,594,415073,640620,485419,1670006,74,18,56,19,7,51,22
683,1133,22,410,53,9023,449483,713707,866788,2031997,58,47,45,14,42,70,19
684,1134,28,950,51,8408,702284,297686,713132,1571215,15,72,36,32,21,51,23
685,1135,28,354,90,3145,250563,605565,245473,1159236,51,8,48,5,27,63,20
686,1136,40,217,93,4402,313874,139232,149013,499896,22,4,1,31,32,23,5
687,1137,47,698,68,8055,357137,70326,656655,1013154,61,60,6,68,24,62,2
688,1138,41,493,48,4584,379231,159426,518836,945584,9,15,31,25,38,16,15
689,1139,42,910,89,1993,636701,477820,290494,1309513,39,35,34,53,67,22,14
690,1140,40,168,54,8965,97032,389516,349866,699817,61,30,43,19,30,39,6
691,1141,49,145,82,9921,205347,714560,889045,1561840,62,67,71,69,59,18,8
692,1142,43,201,63,379,534563,478985,149956,1107875,11,10,8,48,41,29,19
693,1143,46,385,48,1367,280683,872384,678826,2132475,26,48,16,31,32,15,4
694,1144,24,647,63,9121,575140,58449,585601,1195813,18,68,56,49,31,58,3
695,1145,47,406,78,6526,434147,688270,584848,1442557,67,35,20,31,12,58,12
696,1146,44,807,53,4782,162291,909885,888505,2172474,61,6,68,7,10,37,18
697,1147,21,592,84,2310,379425,373034,430253,1449124,10,9,2,67,58,23,16
698,1148,49,939,98,1336,382601,949294,950247,2560193,9,38,12,60,21,19,22
699,1149,27,328,84,765,406054,383234,266233,840456,37,53,64,39,13,43,13
700,1150,21,273,55,3438,656879,167442,409609,1132890,37,13,60,38,28,24,15
701,1151,44,609,62,2279,413223,682317,731693,1727153,72,1,50,9,65,69,15
702,1152,39,708,46,2597,623882,471667,297143,1288792,34,60,8,29,12,44,16
703,1153,34,165,94,4417,491185,609590,517471,1830187,21,30,2,44,33,35,18
704,1154,31,485,83,6589,509158,559479,235200,997410,1,1,32,11,10,10,22
705,1155,42,461,88,4876,927038,581481,141584,1553343,46,59,8,18,59,21,23
706,1156,52,694,50,1807,689850,223320,175213,1160739,63,7,8,36,31,36,9
707,1157,43,196,95,7904,205752,599601,530332,1449790,58,64,54,24,32,14,5
708,1158,18,318,52,1117,840272,186001,783356,1658545,51,23,26,72,1,20,6
709,1159,20,342,69,1167,452220,812406,687715,2032185,49,13,72,23,27,65,16
710,1160,25,447,61,9181,479249,79604,509804,925899,36,41,53,35,17,66,8
711,1161,23,748,48,1116,715784,383977,674103,1702835,28,58,74,73,65,22,8
712,1162,36,555,45,3726,506352,99162,341579,1044349,36,57,1,44,33,52,1
713,1163,45,381,86,3490,447356,531483,707470,1609553,68,5,44,71,31,40,11
714,1164,35,876,86,2047,527612,719450,662427,2362877,13,37,74,33,24,44,0
715,1165,23,936,96,6299,636512,238927,773224,1678960,57,20,9,59,11,11,4
716,1166,45,768,76,7926,587640,317996,884708,1706770,56,41,33,27,24,42,21
717,1167,27,103,50,9266,570652,765129,794489,2041287,53,7,7,52,8,55,23
718,1168,50,577,64,5222,535194,337116,444728,1150195,16,5,44,55,74,29,21
719,1169,26,586,83,9661,346335,869650,203506,1432825,72,6,36,34,73,1,4
720,1170,47,837,55,5311,299645,397800,794356,1404454,47,45,36,60,13,16,16
721,1171,49,403,67,4556,377275,349595,303540,876690,57,42,44,59,12,61,18
722,1172,19,641,97,6597,840704,740782,356833,2038986,57,67,10,1,72,16,1
723,1173,37,387,45,817,821700,576860,138232,1474417,63,1,64,46,4,18,9
724,1174,43,612,55,9479,490605,679011,652744,1972629,58,2,63,7,15,17,1
725,1175,46,60,72,4549,744965,565305,812939,2203304,21,3,62,52,65,4,11
726,1176,42,921,98,3206,51588,909430,693947,1419814,36,8,34,12,9,58,14
727,1177,18,807,96,682,575466,564207,271478,1408495,66,25,63,24,1,6,7
728,1178,26,968,83,9925,882595,856826,265546,2049599,41,14,24,29,10,29,0
729,1179,44,650,95,1832,825002,164875,658894,1546758,45,42,48,12,25,48,10
730,1180,28,170,68,4233,782768,258188,273220,1290448,33,52,37,42,33,31,4
731,1181,42,472,69,4011,772081,411040,606750,1859720,39,26,7,19,44,8,21
732,1182,37,639,77,1376,472740,352234,276091,1046787,17,24,5,23,18,52,20
733,1183,48,421,54,9158,415216,547435,899268,1867179,49,62,27,8,21,63,15
734,1184,39,775,96,7911,183190,943349,775217,1977875,39,43,1,35,51,37,7
735,1185,22,691,50,8083,851619,219654,278665,1224054,24,29,42,71,31,46,1
736,1186,40,181,80,3467,446766,68689,546160,928814,54,62,19,32,0,12,19
737,1187,22,746,92,5707,25537,322359,698191,823016,45,50,72,60,12,64,16
738,1188,35,312,54,7223,634242,123576,99055,455505,63,17,23,42,23,16,4
739,1189,31,442,52,9111,416475,300003,433977,1361509,31,55,47,43,74,50,2
740,1190,47,58,78,4073,673674,459901,349526,1485823,54,57,59,23,6,16,17
741,1191,26,721,64,8265,70941,306812,518029,730930,22,61,20,36,12,30,14
742,1192,44,102,62,9772,754313,610379,621593,2047876,62,10,32,20,42,31,17
743,1193,24,226,70,2043,633295,605765,385990,1779549,38,5,29,8,64,65,18
744,1194,28,716,52,9247,424672,795216,671022,1713132,31,2,1,36,13,72,16
745,1195,29,322,54,7040,232367,366587,798746,1682859,74,10,44,65,59,13,21
746,1196,23,868,49,2308,406097,916038,296578,1853787,35,22,55,56,68,69,10
747,1197,52,58,83,8285,326227,222716,599624,1074423,61,5,63,56,23,26,18
748,1198,46,481,82,6305,986160,947343,70885,2208420,64,41,15,44,57,14,8
749,1199,20,941,69,4482,648689,692428,579919,1812713,71,62,29,74,28,5,7
750,0,0,0,67,0,0,0,0,0,0,0,0,0,0,0,0
